№,Numeric,ShortName,FullName,Alpha2,Alpha3,ISO_Name,ISO_ShortName
1,004,АФГАНИСТАН,Переходное Исламское Государство Афганистан,AF,AFG,Afghanistan
2,008,АЛБАНИЯ,Республика Албания,AL,ALB,Albania
3,010,АНТАРКТИДА,,AQ,ATA,Antarctica
4,012,АЛЖИР,Алжирская Народная Демократическая Республика,DZ,DZA,Algeria
5,016,АМЕРИКАНСКОЕ САМОА,,AS,ASM,American Samoa
6,020,АНДОРРА,Княжество Андорра,AD,AND,Andorra
7,024,АНГОЛА,Республика Ангола,AO,AGO,Angola
8,028,АНТИГУА И БАРБУДА,,AG,ATG,Antigua and Barbuda
9,031,АЗЕРБАЙДЖАН,Республика Азербайджан,AZ,AZE,Azerbaijan
10,032,АРГЕНТИНА,Аргентинская Республика,AR,ARG,Argentina
11,036,АВСТРАЛИЯ,,AU,AUS,Australia
12,040,АВСТРИЯ,Австрийская Республика,AT,AUT,Austria
13,044,БАГАМЫ,Содружество Багамы,BS,BHS,Bahamas (the)
14,048,БАХРЕЙН,Королевство Бахрейн,BH,BHR,Bahrain
15,050,БАНГЛАДЕШ,Народная Республика Бангладеш,BD,BGD,Bangladesh
16,051,АРМЕНИЯ,Республика Армения,AM,ARM,Armenia
17,052,БАРБАДОС,,BB,BRB,Barbados
18,056,БЕЛЬГИЯ,Королевство Бельгия,BE,BEL,Belgium
19,060,БЕРМУДЫ,,BM,BMU,Bermuda
20,064,БУТАН,Королевство Бутан,BT,BTN,Bhutan
"21,068,""БОЛИВИЯ, МНОГОНАЦИОНАЛЬНОЕ ГОСУДАРСТВО"",Многонациональное Государство Боливия,BO,BOL,Bolivia (Plurinational State"
22,070,БОСНИЯ И ГЕРЦЕГОВИНА,,BA,BIH,Bosnia and Herzegovina
23,072,БОТСВАНА,Республика Ботсвана,BW,BWA,Botswana
24,074,ОСТРОВ БУВЕ,,BV,BVT,Bouvet Island
25,076,БРАЗИЛИЯ,Федеративная Республика Бразилия,BR,BRA,Brazil
26,084,БЕЛИЗ,,BZ,BLZ,Belize
27,086,БРИТАНСКАЯ ТЕРРИТОРИЯ В ИНДИЙСКОМ ОКЕАНЕ,,IO,IOT,British Indian Ocean Territory
28,090,СОЛОМОНОВЫ ОСТРОВА,,SB,SLB,Solomon Islands
29,092,ВИРГИНСКИЕ ОСТРОВА (БРИТАНСКИЕ),Британские Виргинские острова,VG,VGB,Virgin Islands (British)
30,096,БРУНЕЙ-ДАРУССАЛАМ,,BN,BRN,Brunei Darussalam
31,100,БОЛГАРИЯ,Республика Болгария,BG,BGR,Bulgaria
32,104,МЬЯНМА,Республика Союза Мьянма,MM,MMR,Myanmar
33,108,БУРУНДИ,Республика Бурунди,BI,BDI,Burundi
34,112,БЕЛАРУСЬ,Республика Беларусь,BY,BLR,Belarus
35,116,КАМБОДЖА,Королевство Камбоджа,KH,KHM,Cambodia
36,120,КАМЕРУН,Республика Камерун,CM,CMR,Cameroon
37,124,КАНАДА,,CA,CAN,Canada
38,132,КАБО-ВЕРДЕ,Республика Кабо-Верде,CV,CPV,Cabo Verde
39,136,ОСТРОВА КАЙМАН,,KY,CYM,Cayman Islands (the)
40,140,ЦЕНТРАЛЬНО-АФРИКАНСКАЯ РЕСПУБЛИКА,,CF,CAF,Central African Republic (the)
41,144,ШРИ-ЛАНКА,Демократическая Социалистическая Республика Шри-Ланка,LK,LKA,Sri Lanka
42,148,ЧАД,Республика Чад,TD,TCD,Chad
43,152,ЧИЛИ,Республика Чили,CL,CHL,Chile
44,156,КИТАЙ,Китайская Народная Республика,CN,CHN,China
45,158,ТАЙВАНЬ (КИТАЙ),,TW,TWN,Taiwan (Province of China)
46,162,ОСТРОВ РОЖДЕСТВА,,CX,CXR,Christmas Island
47,166,КОКОСОВЫЕ (КИЛИНГ) ОСТРОВА,,CC,CCK,Cocos (Keeling) Islands (the)
48,170,КОЛУМБИЯ,Республика Колумбия,CO,COL,Colombia
49,174,КОМОРЫ,Союз Коморы,KM,COM,Comoros (the)
50,175,МАЙОТТА,,YT,MYT,Mayotte
51,178,КОНГО,Республика Конго,CG,COG,Congo (the)
"52,180,""КОНГО, ДЕМОКРАТИЧЕСКАЯ РЕСПУБЛИКА"",Демократическая Республика Конго,CD,COD,Congo (the Democratic"
53,184,ОСТРОВА КУКА,,CK,COK,Cook Islands (the)
54,188,КОСТА-РИКА,Республика Коста-Рика,CR,CRI,Costa Rica
55,191,ХОРВАТИЯ,Республика Хорватия,HR,HRV,Croatia
56,192,КУБА,Республика Куба,CU,CUB,Cuba
57,196,КИПР,Республика Кипр,CY,CYP,Cyprus
58,203,ЧЕХИЯ,Чешская Республика,CZ,CZE,Czechia
59,204,БЕНИН,Республика Бенин,BJ,BEN,Benin
60,208,ДАНИЯ,Королевство Дания,DK,DNK,Denmark
61,212,ДОМИНИКА,Содружество Доминики,DM,DMA,Dominica
62,214,ДОМИНИКАНСКАЯ РЕСПУБЛИКА,,DO,DOM,Dominican Republic (the)
63,218,ЭКВАДОР,Республика Эквадор,EC,ECU,Ecuador
64,222,ЭЛЬ-САЛЬВАДОР,Республика Эль-Сальвадор,SV,SLV,El Salvador
65,226,ЭКВАТОРИАЛЬНАЯ ГВИНЕЯ,Республика Экваториальная Гвинея,GQ,GNQ,Equatorial Guinea
66,231,ЭФИОПИЯ,Федеративная Демократическая Республика Эфиопия,ET,ETH,Ethiopia
67,232,ЭРИТРЕЯ,Государство Эритрея,ER,ERI,Eritrea
68,233,ЭСТОНИЯ,Эстонская Республика,EE,EST,Estonia
69,234,ФАРЕРСКИЕ ОСТРОВА,,FO,FRO,Faroe Islands (the)
70,238,ФОЛКЛЕНДСКИЕ ОСТРОВА (МАЛЬВИНСКИЕ),,FK,FLK,Falkland Islands (the)
71,239,ЮЖНАЯ ДЖОРДЖИЯ И ЮЖНЫЕ САНДВИЧЕВЫ ОСТРОВА,,GS,SGS,South Georgia and the South
72,242,ФИДЖИ,Республика Фиджи,FJ,FJI,Fiji
73,246,ФИНЛЯНДИЯ,Финляндская Республика,FI,FIN,Finland
74,248,АЛАНДСКИЕ ОСТРОВА,,AX,ALA,Åland Islands
75,250,ФРАНЦИЯ,Французская Республика,FR,FRA,France
76,254,ФРАНЦУЗСКАЯ ГВИАНА,,GF,GUF,French Guiana
77,258,ФРАНЦУЗСКАЯ ПОЛИНЕЗИЯ,,PF,PYF,French Polynesia
78,260,ФРАНЦУЗСКИЕ ЮЖНЫЕ ТЕРРИТОРИИ,,TF,ATF,French Southern Territories
79,262,ДЖИБУТИ,Республика Джибути,DJ,DJI,Djibouti
80,266,ГАБОН,Габонская Республика,GA,GAB,Gabon
81,268,ГРУЗИЯ,,GE,GEO,Georgia
82,270,ГАМБИЯ,Исламская Республика Гамбия,GM,GMB,Gambia (the)
"83,275,""ПАЛЕСТИНА, ГОСУДАРСТВО"",Государство Палестина,PS,PSE,""Palestine, State of"""
84,276,ГЕРМАНИЯ,Федеративная Республика Германия,DE,DEU,Germany
85,288,ГАНА,Республика Гана,GH,GHA,Ghana
86,292,ГИБРАЛТАР,,GI,GIB,Gibraltar
87,296,КИРИБАТИ,Республика Кирибати,KI,KIR,Kiribati
88,300,ГРЕЦИЯ,Греческая Республика,GR,GRC,Greece
89,304,ГРЕНЛАНДИЯ,,GL,GRL,Greenland
90,308,ГРЕНАДА,,GD,GRD,Grenada
91,312,ГВАДЕЛУПА,,GP,GLP,Guadeloupe
92,316,ГУАМ,,GU,GUM,Guam
93,320,ГВАТЕМАЛА,Республика Гватемала,GT,GTM,Guatemala
94,324,ГВИНЕЯ,Гвинейская Республика,GN,GIN,Guinea
95,328,ГАЙАНА,Кооперативная Республика Гайана,GY,GUY,Guyana
96,332,ГАИТИ,Республика Гаити,HT,HTI,Haiti
97,334,ОСТРОВ ХЕРД И ОСТРОВА МАКДОНАЛЬД,,HM,HMD,Heard Island and McDonald
98,336,ПАПСКИЙ ПРЕСТОЛ (ГОСУДАРСТВО - ГОРОД ВАТИКАН),,VA,VAT,Holy See (the)
99,340,ГОНДУРАС,Республика Гондурас,HN,HND,Honduras
100,344,ГОНКОНГ,Специальный административный район Гонконг Китайской Народной Республики,HK,HKG,Hong Kong
101,348,ВЕНГРИЯ,Венгрия,HU,HUN,Hungary
102,352,ИСЛАНДИЯ,,IS,ISL,Iceland
103,356,ИНДИЯ,Республика Индия,IN,IND,India
104,360,ИНДОНЕЗИЯ,Республика Индонезия,ID,IDN,Indonesia
105,364,ИРАН (ИСЛАМСКАЯ РЕСПУБЛИКА),Исламская Республика Иран,IR,IRN,Iran (Islamic Republic of)
106,368,ИРАК,Республика Ирак,IQ,IRQ,Iraq
107,372,ИРЛАНДИЯ,,IE,IRL,Ireland
108,376,ИЗРАИЛЬ,Государство Израиль,IL,ISR,Israel
109,380,ИТАЛИЯ,Итальянская Республика,IT,ITA,Italy
110,384,КОТ Д'ИВУАР,Республика Кот д'Ивуар,CI,CIV,Côte d'Ivoire
111,388,ЯМАЙКА,,JM,JAM,Jamaica
112,392,ЯПОНИЯ,,JP,JPN,Japan
113,398,КАЗАХСТАН,Республика Казахстан,KZ,KAZ,Kazakhstan
114,400,ИОРДАНИЯ,Иорданское Хашимитское Королевство,JO,JOR,Jordan
115,404,КЕНИЯ,Республика Кения,KE,KEN,Kenya
"116,408,""КОРЕЯ, НАРОДНО-ДЕМОКРАТИЧЕСКАЯ РЕСПУБЛИКА"",Корейская Народно-Демократическая Республика,KP,PRK,Korea (the Democratic"
"117,410,""КОРЕЯ, РЕСПУБЛИКА"",Республика Корея,KR,KOR,Korea (the Republic of)"
118,414,КУВЕЙТ,Государство Кувейт,KW,KWT,Kuwait
119,417,КИРГИЗИЯ,Киргизская Республика,KG,KGZ,Kyrgyzstan
120,418,ЛАОССКАЯ НАРОДНО-ДЕМОКРАТИЧЕСКАЯ РЕСПУБЛИКА,,LA,LAO,Lao People's Democratic
121,422,ЛИВАН,Ливанская Республика,LB,LBN,Lebanon
122,426,ЛЕСОТО,Королевство Лесото,LS,LSO,Lesotho
123,428,ЛАТВИЯ,Латвийская Республика,LV,LVA,Latvia
124,430,ЛИБЕРИЯ,Республика Либерия,LR,LBR,Liberia
125,434,ЛИВИЯ,Государство Ливия,LY,LBY,Libya
126,438,ЛИХТЕНШТЕЙН,Княжество Лихтенштейн,LI,LIE,Liechtenstein
127,440,ЛИТВА,Литовская Республика,LT,LTU,Lithuania
128,442,ЛЮКСЕМБУРГ,Великое Герцогство Люксембург,LU,LUX,Luxembourg
129,446,МАКАО,Специальный административный район Макао Китайской Народной Республики,MO,MAC,Macao
130,450,МАДАГАСКАР,Республика Мадагаскар,MG,MDG,Madagascar
131,454,МАЛАВИ,Республика Малави,MW,MWI,Malawi
132,458,МАЛАЙЗИЯ,,MY,MYS,Malaysia
133,462,МАЛЬДИВЫ,Мальдивская Республика,MV,MDV,Maldives
134,466,МАЛИ,Республика Мали,ML,MLI,Mali
135,470,МАЛЬТА,Республика Мальта,MT,MLT,Malta
136,474,МАРТИНИКА,,MQ,MTQ,Martinique
137,478,МАВРИТАНИЯ,Исламская Республика Мавритания,MR,MRT,Mauritania
138,480,МАВРИКИЙ,Республика Маврикий,MU,MUS,Mauritius
139,484,МЕКСИКА,Мексиканские Соединенные Штаты,MX,MEX,Mexico
140,492,МОНАКО,Княжество Монако,MC,MCO,Monaco
141,496,МОНГОЛИЯ,,MN,MNG,Mongolia
"142,498,""МОЛДОВА, РЕСПУБЛИКА"",Республика Молдова,MD,MDA,Moldova (the Republic of)"
143,499,ЧЕРНОГОРИЯ,,ME,MNE,Montenegro
144,500,МОНТСЕРРАТ,,MS,MSR,Montserrat
145,504,МАРОККО,Королевство Марокко,MA,MAR,Morocco
146,508,МОЗАМБИК,Республика Мозамбик,MZ,MOZ,Mozambique
147,512,ОМАН,Султанат Оман,OM,OMN,Oman
148,516,НАМИБИЯ,Республика Намибия,,NAM,
149,520,НАУРУ,Республика Науру,NR,NRU,Nauru
150,524,НЕПАЛ,,NP,NPL,Nepal
"151,528,""НИДЕРЛАНДЫ, КОРОЛЕВСТВО"",Королевство Нидерландов,NL,NLD,Netherlands (the)"
152,531,КЮРАСАО,,CW,CUW,Curaçao
153,533,АРУБА,,AW,ABW,Aruba
154,534,СЕН-МАРТЕН (нидерландская часть),,SX,SXM,Sint Maarten (Dutch part)
"155,535,""БОНЭЙР, СИНТ-ЭСТАТИУС И САБА"",,BQ,BES,""Bonaire, Sint Eustatius and"""
156,540,НОВАЯ КАЛЕДОНИЯ,,NC,NCL,New Caledonia
157,548,ВАНУАТУ,Республика Вануату,VU,VUT,Vanuatu
158,554,НОВАЯ ЗЕЛАНДИЯ,,NZ,NZL,New Zealand
159,558,НИКАРАГУА,Республика Никарагуа,NI,NIC,Nicaragua
160,562,НИГЕР,Республика Нигер,NE,NER,Niger (the)
161,566,НИГЕРИЯ,Федеративная Республика Нигерия,NG,NGA,Nigeria
162,570,НИУЭ,Ниуэ,NU,NIU,Niue
163,574,ОСТРОВ НОРФОЛК,,NF,NFK,Norfolk Island
164,578,НОРВЕГИЯ,Королевство Норвегия,NO,NOR,Norway
165,580,СЕВЕРНЫЕ МАРИАНСКИЕ ОСТРОВА,Содружество Северных Марианских островов,MP,MNP,Northern Mariana Islands
166,581,МАЛЫЕ ТИХООКЕАНСКИЕ ОТДАЛЕННЫЕ ОСТРОВА СОЕДИНЕННЫХ ШТАТОВ,,UM,UMI,United States Minor Outlying
"167,583,""МИКРОНЕЗИЯ, ФЕДЕРАТИВНЫЕ ШТАТЫ"",Федеративные штаты Микронезии,FM,FSM,Micronesia (Federated States"
168,584,МАРШАЛЛОВЫ ОСТРОВА,Республика Маршалловы Острова,MH,MHL,Marshall Islands (the)
169,585,ПАЛАУ,Республика Палау,PW,PLW,Palau
170,586,ПАКИСТАН,Исламская Республика Пакистан,PK,PAK,Pakistan
171,591,ПАНАМА,Республика Панама,PA,PAN,Panama
172,598,ПАПУА-НОВАЯ ГВИНЕЯ,Независимое Государство  Папуа Новая Гвинея,PG,PNG,Papua New Guinea
173,600,ПАРАГВАЙ,Республика Парагвай,PY,PRY,Paraguay
174,604,ПЕРУ,Республика Перу,PE,PER,Peru
175,608,ФИЛИППИНЫ,Республика Филиппины,PH,PHL,Philippines (the)
176,612,ПИТКЕРН,,PN,PCN,Pitcairn
177,616,ПОЛЬША,Республика Польша,PL,POL,Poland
178,620,ПОРТУГАЛИЯ,Португальская Республика,PT,PRT,Portugal
179,624,ГВИНЕЯ-БИСАУ,Республика Гвинея-Бисау,GW,GNB,Guinea-Bissau
180,626,ТИМОР-ЛЕСТЕ,Демократическая Республика Тимор-Лесте,TL,TLS,Timor-Leste
181,630,ПУЭРТО-РИКО,,PR,PRI,Puerto Rico
182,634,КАТАР,Государство Катар,QA,QAT,Qatar
183,638,РЕЮНЬОН,,RE,REU,Réunion
184,642,РУМЫНИЯ,,RO,ROU,Romania
185,643,РОССИЯ,Российская Федерация,RU,RUS,Russian Federation,Russia
186,646,РУАНДА,Руандийская Республика,RW,RWA,Rwanda
187,652,СЕН-БАРТЕЛЕМИ,,BL,BLM,Saint Barthélemy
"188,654,""СВЯТАЯ ЕЛЕНА, ОСТРОВ ВОЗНЕСЕНИЯ, ТРИСТАН-ДА-КУНЬЯ"",,SH,SHN,""Saint Helena, Ascension and"""
189,659,СЕНТ-КИТС И НЕВИС,,KN,KNA,Saint Kitts and Nevis
190,660,АНГИЛЬЯ,,AI,AIA,Anguilla
191,662,СЕНТ-ЛЮСИЯ,,LC,LCA,Saint Lucia
"192,663,""СЕН-МАРТЕН (французская часть)"
",,MF,MAF,Saint Martin (French part)
193,666,СЕН-ПЬЕР И МИКЕЛОН,,PM,SPM,Saint Pierre and Miquelon
194,670,СЕНТ-ВИНСЕНТ И ГРЕНАДИНЫ,,VC,VCT,Saint Vincent and the
195,674,САН-МАРИНО,Республика Сан-Марино,SM,SMR,San Marino
196,678,САН-ТОМЕ И ПРИНСИПИ,Демократическая Республика Сан-Томе и Принсипи,ST,STP,Sao Tome and Principe
197,682,САУДОВСКАЯ АРАВИЯ,Королевство Саудовская Аравия,SA,SAU,Saudi Arabia
198,686,СЕНЕГАЛ,Республика Сенегал,SN,SEN,Senegal
199,688,СЕРБИЯ,Республика Сербия,RS,SRB,Serbia
200,690,СЕЙШЕЛЫ,Республика Сейшелы,SC,SYC,Seychelles
201,694,СЬЕРРА-ЛЕОНЕ,Республика Сьерра-Леоне,SL,SLE,Sierra Leone
202,702,СИНГАПУР,Республика Сингапур,SG,SGP,Singapore
203,703,СЛОВАКИЯ,Словацкая Республика,SK,SVK,Slovakia
204,704,ВЬЕТНАМ,Социалистическая Республика Вьетнам,VN,VNM,Viet Nam
205,705,СЛОВЕНИЯ,Республика Словения,SI,SVN,Slovenia
206,706,СОМАЛИ,Федеративная Республика Сомали,SO,SOM,Somalia
207,710,ЮЖНАЯ АФРИКА,Южно-Африканская Республика,ZA,ZAF,South Africa
208,716,ЗИМБАБВЕ,Республика Зимбабве,ZW,ZWE,Zimbabwe
209,724,ИСПАНИЯ,Королевство Испания,ES,ESP,Spain
210,728,ЮЖНЫЙ СУДАН,Республика Южный Судан,SS,SSD,South Sudan
211,729,СУДАН,Республика Судан,SD,SDN,Sudan (the)
212,732,ЗАПАДНАЯ САХАРА,,EH,ESH,Western Sahara
213,740,СУРИНАМ,Республика Суринам,SR,SUR,Suriname
214,744,ШПИЦБЕРГЕН И ЯН МАЙЕН,,SJ,SJM,Svalbard and Jan Mayen
215,748,ЭСВАТИНИ,Королевство Эсватини,SZ,SWZ,Eswatini
216,752,ШВЕЦИЯ,Королевство Швеция,SE,SWE,Sweden
217,756,ШВЕЙЦАРИЯ,Швейцарская Конфедерация,CH,CHE,Switzerland
218,760,СИРИЙСКАЯ АРАБСКАЯ РЕСПУБЛИКА,,SY,SYR,Syrian Arab Republic
219,762,ТАДЖИКИСТАН,Республика Таджикистан,TJ,TJK,Tajikistan
220,764,ТАИЛАНД,Королевство Таиланд,TH,THA,Thailand
221,768,ТОГО,Тоголезская Республика,TG,TGO,Togo
222,772,ТОКЕЛАУ,,TK,TKL,Tokelau
223,776,ТОНГА,Королевство Тонга,TO,TON,Tonga
224,780,ТРИНИДАД И ТОБАГО,Республика Тринидад и Тобаго,TT,TTO,Trinidad and Tobago
225,784,ОБЪЕДИНЕННЫЕ АРАБСКИЕ ЭМИРАТЫ,,AE,ARE,United Arab Emirates (the)
226,788,ТУНИС,Тунисская Республика,TN,TUN,Tunisia
227,792,ТУРЦИЯ,Турецкая Республика,TR,TUR,Turkey
228,795,ТУРКМЕНИСТАН,Туркменистан,TM,TKM,Turkmenistan
229,796,ОСТРОВА ТЕРКС И КАЙКОС,,TC,TCA,Turks and Caicos Islands (the)
230,798,ТУВАЛУ,,TV,TUV,Tuvalu
231,800,УГАНДА,Республика Уганда,UG,UGA,Uganda
232,804,УКРАИНА,,UA,UKR,Ukraine
233,807,СЕВЕРНАЯ МАКЕДОНИЯ,Республика Северная Македония,MK,MKD,Republic of North Macedonia
234,818,ЕГИПЕТ,Арабская Республика Египет,EG,EGY,Egypt
235,826,СОЕДИНЕННОЕ КОРОЛЕВСТВО ВЕЛИКОБРИТАНИИ И СЕВЕРНОЙ ИРЛАНДИИ,,GB,GBR,United Kingdom of Great
236,831,ГЕРНСИ,,GG,GGY,Guernsey
237,832,ДЖЕРСИ,,JE,JEY,Jersey
238,833,ОСТРОВ МЭН,,IM,IMN,Isle of Man
239,834,ТАНЗАНИЯ, ОБЪЕДИНЕННАЯ РЕСПУБЛИКА"",Объединенная Республика Танзания,TZ,TZA,""Tanzania, United Republic of"""
240,840,СОЕДИНЕННЫЕ ШТАТЫ,Соединенные Штаты Америки,US,USA,United States of America
241,850,ВИРГИНСКИЕ ОСТРОВА (США),Виргинские острова Соединенных Штатов,VI,VIR,Virgin Islands (U.S.)
242,854,БУРКИНА-ФАСО,,BF,BFA,Burkina Faso
243,858,УРУГВАЙ,Восточная Республика Уругвай,UY,URY,Uruguay
244,860,УЗБЕКИСТАН,Республика Узбекистан,UZ,UZB,Uzbekistan
"245,862,""ВЕНЕСУЭЛА, БОЛИВАРИАНСКАЯ РЕСПУБЛИКА"",Боливарианская Республика Венесуэла,VE,VEN,Venezuela (Bolivarian"
246,876,УОЛЛИС И ФУТУНА,,WF,WLF,Wallis and Futuna
247,882,САМОА,Независимое Государство Самоа,WS,WSM,Samoa
248,887,ЙЕМЕН,Йеменская Республика,YE,YEM,Yemen
249,894,ЗАМБИЯ,Республика Замбия,ZM,ZMB,Zambia
250,895,АБХАЗИЯ,Республика Абхазия,AB,ABH,
251,896,ЮЖНАЯ ОСЕТИЯ,Республика Южная Осетия,OS,OST,
252,897,ДНР,Донецкая Народная Республика,DN,DNR,
253,898,ЛНР,Луганская Народная Республика,LN,LNR,
,516,,,NA,NAM,Namibia
